Name,Address,Rating,Reviews,Phone,Website,Emails
Grace Dental Group,Address extraction requires more specific selectors,,,+1 415-921-8867,https://www.gracedentalgroup.com/?utm_source=gmb_auth,info@gracedentalgroup.com
"Dr. Joseph, DDS - General and Cosmetic Dentist and Dental Office, Dentistry of San Francisco",Address extraction requires more specific selectors,,,+1 415-986-5323,https://www.dentistryofsanfrancisco.com/,office@dentistryofsf.com
SF Dental,Address extraction requires more specific selectors,,,+1 415-566-3305,https://www.sfdental.com/,office@sfdental.com
Young Dental SF Group,Address extraction requires more specific selectors,,,+1 415-392-8611,https://youngdentalsf.com/?utm_source=GBPYDEprompt,info@youngdentalSF.com
San Francisco Dental Care,Address extraction requires more specific selectors,,,+1 415-668-0526,https://www.sanfranciscodentalcare.com/,
MARINA GRINS DENTAL,Address extraction requires more specific selectors,,,+1 415-921-4132,http://marinagrinsdental.com/,your@email.com; info@marinagrinsdental.com
Golden Gate Dental,Address extraction requires more specific selectors,,,+1 415-367-3444,https://www.goldengatedental.com/,
Folsom Street Dental,Address extraction requires more specific selectors,,,+1 415-552-7874,http://folsomstreetdental.com/,
"Union Square Dental San Francisco, Hakim Sisters Dental Office",Address extraction requires more specific selectors,,,+1 415-693-9139,https://www.unionsquaredental.com/,info@unionsquaredental.com; Info@unionsquaredental.com; Info@UnionSquareDental.com
Itani Dental San Francisco,Address extraction requires more specific selectors,,,+1 415-685-0011,https://itanidental.com/,mail@itanidental.com
Montgomery Street Dental,Address extraction requires more specific selectors,,,+1 415-398-6344,https://www.montgomerystdental.com/,fancybox_sprite@2x.png; fancybox_loading@2x.gif; email@email.com
Marina Tooth Fairy Dental,Address extraction requires more specific selectors,,,+1 415-409-3368,https://marinatoothfairy.com/?utm_source=gbp&utm_medium=organic&utm_campaign=Google+Business+Profile,smile@marinatoothfairy.com
Mission Dental Group,Address extraction requires more specific selectors,,,+1 415-849-9991,https://www.growneydental.com/locations/mission,info@missiondentalgroupsf.com; info@franklindentalgroupsf.com; info@westportaldg.com
Financial District Dentistry,Address extraction requires more specific selectors,,,+1 415-399-9999,https://www.cosmeticdentistsf.com/,
My Dentist San Francisco,Address extraction requires more specific selectors,,,+1 415-296-1126,https://www.mydentistsanfrancisco.com/,
San Francisco Dental Arts,Address extraction requires more specific selectors,,,+1 415-854-9396,https://thesfdentist.com/,info@weomedia.com; scheduling@thesfdentist.com
Pacific Heights Dental,Address extraction requires more specific selectors,,,+1 415-921-2448,https://www.pacificheightsdental.com/,
DENTAL STUDIO SF,Address extraction requires more specific selectors,,,+1 415-991-3934,https://www.dentalstudiosf.com/?utm_source=GMB_listing&utm_medium=organic,
Zen Dental Studio - San Francisco,Address extraction requires more specific selectors,,,+1 415-857-0150,https://www.zen.dentist/,hello@zendentalsf.com; hello@zendentalmtv.com
The Dentist Group,Address extraction requires more specific selectors,,,+1 415-706-7687,http://www.thedentistgroup.com/,user@domain.com; info@thedentistgroup.com; INFO@THEDENTISTGROUP.COM
Potrero Hill Dental,Address extraction requires more specific selectors,,,+1 415-890-4449,https://www.potrerohilldental.com/,potrerohilldental@gmail.com; hello@potrerohilldental.com; user@domain.com
Sunset Dentistry,Address extraction requires more specific selectors,,,+1 415-200-3259,https://sfsunsetdentistry.com/?utm_campaign=gmb,analytics@simpleimpactmedia.com; seo360@simpleimpactmedia.com; info@sfsunsetdentistry.com
San Francisco Dentist Smile SF,Address extraction requires more specific selectors,,,+1 415-922-2990,https://sanfranciscodentistsmilesf.com/,info@smilesf.com
"Lukman Dental: Erick S. Lukman, DMD",Address extraction requires more specific selectors,,,+1 415-373-6772,https://www.lukmandental.com/?utm_source=gmb_auth,
Serenity Dental Spa,Address extraction requires more specific selectors,,,+1 415-376-6196,https://serenitydentalspa.com/?utm_source=GMB&utm_medium=organic&utm_campaign=DevOptimization&utm_content=Website,
Green Dentistry - Dr. Namrata Patel,Address extraction requires more specific selectors,,,+1 415-299-6492,https://sfgreendentist.com/?utm_source=GoogleBusinessProfile&utm_medium=Organic&utm_campaign=Website,
Washington Square Park Dental,Address extraction requires more specific selectors,,,+1 415-891-9773,http://www.wsparkdental.com/,hello@wsparkdental.com
Post Street Dental Group,Address extraction requires more specific selectors,,,+1 415-986-4534,https://poststreetdental.com/?utm_source=GBPEprompt,poststreetdental@gmail.com
Gentle Dental Community San Francisco,Address extraction requires more specific selectors,,,+1 415-873-8225,https://gentledental.interdent.com/locations/ca/san-francisco-mission/?utm_source=gbp&utm_medium=organic&utm_campaign=gbp-listing&utm_content=GDMISSION&y_source=1_MTA5NjAyNjYzOS03MTUtbG9jYXRpb24ud2Vic2l0ZQ%3D%3D,gd-kids-logo-long-padded@2x.webp
Susie Shin Dental Care,Address extraction requires more specific selectors,,,+1 415-986-6900,http://www.susieshindentalcare.com/,
Skoulas DDS - The SF Cosmetic Dentist,Address extraction requires more specific selectors,,,+1 415-757-0110,http://www.skoulasdds.com/,info@thesfcosmeticdentist.com; infoskoulas@gmail.com
Fuller Smiles - San Francisco,Address extraction requires more specific selectors,,,+1 415-731-2260,https://fullersmilessf.com/,
The Smile Center,Address extraction requires more specific selectors,,,+1 415-641-1001,http://sfsmilecenter.com/,
San Bruno Avenue Dental Group,Address extraction requires more specific selectors,,,+1 415-656-2868,https://www.sfdentalgroup.com/,
Symphony Dental Studio,Address extraction requires more specific selectors,,,+1 415-928-8288,https://symphonydentalsf.com/?utm_source=gmb,frontdesk@symphonydentalsf.com
Valencia Dental Center,Address extraction requires more specific selectors,,,+1 415-643-6424,https://valenciadentalcenter.com/,user@domain.com; valenciadental@yahoo.com; hello@valenciadentalcenter.com
Laurel Village Dental Loft,Address extraction requires more specific selectors,,,+1 415-563-2022,https://www.laurelvillagedentalloft.com/,
Diente Dental,Address extraction requires more specific selectors,,,+1 415-282-8462,https://www.dientedental.com/,info@dientedental.com; your@email.com
The Dental Practice | SF,Address extraction requires more specific selectors,,,+1 415-397-4433,http://www.thedentalpracticesf.com/,user@domain.com; info@thedentalpracticesf.com
Blende Dental Group: Home of the House Call Dentists,Address extraction requires more specific selectors,,,+1 415-563-4261,http://www.blendedentalgroup.com/,mail@drblende.com; info@housecalldentists.com
Velasco Jeremy DDS,Address extraction requires more specific selectors,,,+1 415-693-9485,http://www.onlinesmiles.com/,jvelasco@onlinesmiles.com; velasco@onlinesmiles.com; jjvelascodds@gmail.com
Pacific Heights Dental Studio,Address extraction requires more specific selectors,,,+1 415-409-6455,https://pacificheightsdentalstudio.com/?utm_source=gmblisting&utm_medium=organic,
Soothing Dental,Address extraction requires more specific selectors,,,+1 415-993-8445,https://www.soothing.dental/san-francisco,appt@soothing.dental
San Francisco Dental Wellness,Address extraction requires more specific selectors,,,+1 415-781-1944,https://www.sanfranciscodentalwellness.com/?utm_source=gmb&utm_medium=organic,info@sfdentalwellness.com
"Sutter Dental | Dr. Gary Arabatyan, DDS",Address extraction requires more specific selectors,,,+1 415-986-6223,http://sutterdentalsf.com/,
SOMA Dental,Address extraction requires more specific selectors,,,+1 415-558-9800,https://www.somadental.com/,nigel@somadental.com; test@test.com; info@somadental.com
"Grace Dental Group, Woo Young Lee DDS",Address extraction requires more specific selectors,,,+1 415-921-8867,https://www.gracedentalgroup.com/?utm_source=gmb_auth,info@gracedentalgroup.com
SF Family Dentistry,Address extraction requires more specific selectors,,,+1 415-636-0883,http://www.familydentistsanfrancisco.com/,DrB@SFFamilyDentistry.com
Designing Smiles San Francisco,Address extraction requires more specific selectors,,,+1 415-986-0505,https://www.designingsmilessanfrancisco.com/,info@sfdesigningsmiles.com
"The Dentist Group, Dr. Josh Berd, DDS INC",Address extraction requires more specific selectors,,,+1 415-706-7687,https://thedentistgroup.com/,user@domain.com; info@thedentistgroup.com; INFO@THEDENTISTGROUP.COM
Dr. Stella Kim,Address extraction requires more specific selectors,,,+1 415-566-3305,http://www.sfdental.com/,office@sfdental.com
Japantown Dental - San Francisco,Address extraction requires more specific selectors,,,+1 415-563-2000,https://japantowndentalsf.com/location-dentist-san-francisco-ca/,tauradds@gmail.com
Paul-Ryan Lake DDS,Address extraction requires more specific selectors,,,+1 415-820-1530,http://www.drlakesf.com/,info@drlakesf.com; 605a7baede844d278b89dc95ae0a9123@sentry-next.wixpress.com; dd0a55ccb8124b9c9d938e3acf41f8aa@sentry.wixpress.com; c183baa23371454f99f417f6616b724d@sentry.wixpress.com; 8c4075d5481d476e945486754f783364@sentry.io; 8eb368c655b84e029ed79ad7a5c1718e@sentry.wixpress.com
"Olivia Moran, DDS | Veneers Dentist in San Francisco | ME Dental",Address extraction requires more specific selectors,,,+1 415-404-6644,https://www.medentalsf.com/,
Pastel Dental,Address extraction requires more specific selectors,,,+1 415-831-1999,http://www.pasteldentalcare.com/,info@pasteldentalcare.com
SF Dental Implants Center,Address extraction requires more specific selectors,,,+1 415-992-9188,https://www.sfdentalimplants.com/?utm_source=Google&utm_medium=Listing,info@doctorrabinovich.com
Union Fillmore Dental,Address extraction requires more specific selectors,,,+1 415-346-9173,http://unionfillmoredental.com/,
Union Fillmore Dental,Address extraction requires more specific selectors,,,+1 415-346-9173,http://unionfillmoredental.com/,
"Dr. Matthew Young, DDS",Address extraction requires more specific selectors,,,+1 415-392-8611,https://youngdentalsf.com/dentists/matthew-young/?utm_source=GBPEprompt,info@youngdentalSF.com
"Robert Soto, DDS | Premier Cosmetic Dentistry in San Francisco",Address extraction requires more specific selectors,,,+1 415-398-8555,https://sfveneer.com/?utm_campaign=gmb,
Bliss Dental SF,Address extraction requires more specific selectors,,,+1 415-956-5690,https://www.blissdentalsf.com/?utm_source=GMB&utm_medium=organic&utm_campaign=DevOptimization&utm_content=Website,
"Daniel Barry III, DDS",Address extraction requires more specific selectors,,,+1 415-421-2723,https://www.danieldbarryiiidds.com/,
JD Dental Care,Address extraction requires more specific selectors,,,+1 415-346-2828,https://www.jddental.net/contactus,jddental@gmail.com
One Market Dental,Address extraction requires more specific selectors,,,+1 415-222-9600,http://onemarketdental.com/,appointments@onemarketdental.com
Koopah Cosmetic & General Dentistry - San Francisco,Address extraction requires more specific selectors,,,+1 415-421-2652,https://www.drkoopah.com/,
Haight Street Dental,Address extraction requires more specific selectors,,,+1 415-626-6611,http://www.haightstreetdental.com/,hsdportal@gmail.com
"Dr. Nil Yucel, DDS",Address extraction requires more specific selectors,,,+1 415-362-3762,http://www.yuceldds.com/,
"Ho David T DDS, Inc.",Address extraction requires more specific selectors,,,+1 415-563-2700,http://www.vannessdentalcare.com/,info@davidthodds.com; your@email.com
ConfiDental Smile - Dr. Linda Yip,Address extraction requires more specific selectors,,,+1 415-589-7353,http://www.confidentalsmilesf.com/,info@confidentalsmilesf.com; your@email.com
Itani Dental San Francisco,Address extraction requires more specific selectors,,,+1 415-685-0011,https://itanidental.com/,mail@itanidental.com
"Dr. Nami Cho, DDS",Address extraction requires more specific selectors,,,+1 415-421-6766,http://www.namichodds.com/,office@namichodds.com
Dental Aesthetica - Leila Azad & Associates,Address extraction requires more specific selectors,,,+1 415-398-4110,http://www.dentalaesthetica.com/,info@dentalaesthetica.com; info@daesthetica.com
Modern Family Dental,Address extraction requires more specific selectors,,,+1 415-752-5244,http://modernfamilydental.net/,
Dental Health of San Francisco,Address extraction requires more specific selectors,,,+1 415-889-0968,https://www.dentalhealthsf.com/,
Azure Dental,Address extraction requires more specific selectors,,,+1 415-563-3100,https://azuredentalsf.com/?utm_source=google&utm_medium=organic&utm_campaign=gbp,website2@simpleimpactmedia.com; websites@simpleimpactmedia.com; azuredentalsf@gmail.com
JD Dental Care,Address extraction requires more specific selectors,,,+1 415-346-2828,https://www.jddental.net/contactus,jddental@gmail.com
San Francisco Dental,Address extraction requires more specific selectors,,,+1 415-841-8877,,
Dr. Keeper's Dental Wellness,Address extraction requires more specific selectors,,,+1 415-906-2069,https://www.drkeeper.com/,hello@drkeeper.com; jane@mail.com
Discovery Pediatric Dentistry,Address extraction requires more specific selectors,,,+1 415-441-7766,http://www.pediatricdentistsf.dentist/,info@DiscoveryPD.com; user@domain.com; info@discoverypd.com
"Young Dental SF: Dr. Susan Malibiran, DMD",Address extraction requires more specific selectors,,,+1 415-392-8611,https://poststreetdental.com/dentists/?utm_source=GBPEprompt,poststreetdental@gmail.com
"Swati Agarwal, DDS",Address extraction requires more specific selectors,,,+1 415-599-7268,https://www.dentist4beautifulsmiles.com/,
"Dr. Joel McFaul, DDS & Dr. Betty Wong, DDS",Address extraction requires more specific selectors,,,+1 415-921-0434,http://www.mcfaulwong.com/,
Ann Wei DDS FACP/ San Francisco Prosthodontist,Address extraction requires more specific selectors,,,+1 415-518-4992,http://www.annweidds.com/,info@annweidds.com
Keyser Matthew C DDS,Address extraction requires more specific selectors,,,+1 415-781-9600,http://keyserdentalgroup.com/,115sansomedental@gmail.com
